<?xml version="1.0" encoding="UTF-8"?>
<project-private xmlns="http://www.netbeans.org/ns/project-private/1">
    <editor-bookmarks xmlns="http://www.netbeans.org/ns/editor-bookmarks/2" lastBookmarkId="0"/>
    <open-files xmlns="http://www.netbeans.org/ns/projectui-open-files/2">
        <group>
            <file>file:/D:/EMMS/GitHub/_EMMS_Code_PowerSense/Current%20Sense%202.2.X/-CL_PowerSense.txt</file>
            <file>file:/D:/EMMS/GitHub/_EMMS_Code_PowerSense/Current%20Sense%202.2.X/Current_Sense_Main.c</file>
        </group>
    </open-files>
</project-private>
