<?xml version="1.0" encoding="UTF-8"?>
<project-private xmlns="http://www.netbeans.org/ns/project-private/1">
    <editor-bookmarks xmlns="http://www.netbeans.org/ns/editor-bookmarks/1"/>
    <editor-bookmarks xmlns="http://www.netbeans.org/ns/editor-bookmarks/2" lastBookmarkId="0">
        <file>
            <url>PowerMain.c</url>
            <bookmark id="0">
                <name/>
                <line>713</line>
                <key/>
            </bookmark>
        </file>
    </editor-bookmarks>
    <open-files xmlns="http://www.netbeans.org/ns/projectui-open-files/2">
        <group>
            <file>file:/D:/EMMS/GitHub/_EMMS_Code_CommandBoard/EMMS_Code_CommandBoard.X/Power.c</file>
            <file>file:/D:/EMMS/GitHub/_EMMS_Code_CommandBoard/EMMS_Code_CommandBoard.X/-CL_CommandBoard.txt</file>
            <file>file:/D:/EMMS/GitHub/_EMMS_Code_CommandBoard/EMMS_Code_CommandBoard.X/SharedDefinitions.h</file>
            <file>file:/D:/EMMS/GitHub/_EMMS_Code_CommandBoard/EMMS_Code_CommandBoard.X/ExternSharedDefinitions.h</file>
            <file>file:/D:/EMMS/GitHub/_EMMS_Code_CommandBoard/EMMS_Code_CommandBoard.X/PowerDefinitions.h</file>
            <file>file:/D:/EMMS/GitHub/_EMMS_Code_CommandBoard/EMMS_Code_CommandBoard.X/PowerMain.c</file>
        </group>
    </open-files>
</project-private>
